{
  "project_info": {
    "project_number": "1057268489765",
    "firebase_url": "https://zwerf3-default-rtdb.asia-southeast1.firebasedatabase.app",
    "project_id": "zwerf3",
    "storage_bucket": "zwerf3.appspot.com"
  },
  "client": [
    {
      "client_info": {
        "mobilesdk_app_id": "1:1057268489765:android:75b093723444e0b6e4e9cc",
        "android_client_info": {
          "package_name": "com.example.zwerf5"
        }
      },
      "oauth_client": [
        {
          "client_id": "1057268489765-j33heh6mkjkb8f5cncqpvg77le980k7s.apps.googleusercontent.com",
          "client_type": 3
        }
      ],
      "api_key": [
        {
          "current_key": "AIzaSyCs9zV769TtJ4t-pVJ1SbWMBFqLVhY4HTY"
        }
      ],
      "services": {
        "appinvite_service": {
          "other_platform_oauth_client": [
            {
              "client_id": "1057268489765-j33heh6mkjkb8f5cncqpvg77le980k7s.apps.googleusercontent.com",
              "client_type": 3
            }
          ]
        }
      }
    },
    {
      "client_info": {
        "mobilesdk_app_id": "1:1057268489765:android:3fcabc2150e7dfbee4e9cc",
        "android_client_info": {
          "package_name": "com.utcc.zwerf3"
        }
      },
      "oauth_client": [
        {
          "client_id": "1057268489765-j33heh6mkjkb8f5cncqpvg77le980k7s.apps.googleusercontent.com",
          "client_type": 3
        }
      ],
      "api_key": [
        {
          "current_key": "AIzaSyCs9zV769TtJ4t-pVJ1SbWMBFqLVhY4HTY"
        }
      ],
      "services": {
        "appinvite_service": {
          "other_platform_oauth_client": [
            {
              "client_id": "1057268489765-j33heh6mkjkb8f5cncqpvg77le980k7s.apps.googleusercontent.com",
              "client_type": 3
            }
          ]
        }
      }
    }
  ],
  "configuration_version": "1"
}